"Station.Name";"Station.Latitude";"Station.Longitude";"Route";"Line";"n";"total";"columns";"rows";"offsetY";"offsetX"
"West 8th St";40,576127;-73,975939;"Route1";"F";0;2;0;0;0;0
"West 8th St";40,576127;-73,975939;"Route2";"Q";1;2;1;0;0;1
"Ocean Parkway";40,576312;-73,968501;"Route1";"Q";0;1;0;0;0;0
"Stillwell Av";40,577422;-73,981233;"Route1";"D";0;4;0;0;0;0
"Stillwell Av";40,577422;-73,981233;"Route2";"F";1;4;1;0;0;1
"Stillwell Av";40,577422;-73,981233;"Route3";"N";2;4;2;0;0;2
"Stillwell Av";40,577422;-73,981233;"Route4";"Q";3;4;3;0;0;3
"Brighton Beach";40,577621;-73,961376;"Route1";"B";0;2;0;0;0;0
"Brighton Beach";40,577621;-73,961376;"Route2";"Q";1;2;1;0;0;1
"Rockaway Park-Beach 116th";40,580903;-73,835592;"Route1";"H";0;1;0;0;0;0
"Neptune Av-Van Siclen";40,581011;-73,974574;"Route1";"F";0;1;0;0;0;0
"Beach 105th St";40,583209;-73,827559;"Route1";"H";0;1;0;0;0;0
"Beach 98th St";40,585307;-73,820558;"Route1";"H";0;1;0;0;0;0
"Sheepshead Bay";40,586896;-73,954155;"Route1";"B";0;2;0;0;0;0
"Sheepshead Bay";40,586896;-73,954155;"Route2";"Q";1;2;1;0;0;1
"Beach 90th St";40,588034;-73,813641;"Route1";"H";0;1;0;0;0;0
"Bay 50th St";40,588841;-73,983765;"Route1";"D";0;1;0;0;0;0
"Av X";40,58962;-73,97425;"Route1";"F";0;1;0;0;0;0
"Beach 67th St";40,590927;-73,796924;"Route1";"A";0;1;0;0;0;0
"Beach 60th St";40,592374;-73,788522;"Route1";"A";0;1;0;0;0;0
"86th St";40,592721;-73,97823;"Route1";"N";0;1;0;0;0;0
"Beach 44th St";40,592943;-73,776013;"Route1";"A";0;1;0;0;0;0
"Neck Rd";40,595246;-73,955161;"Route1";"B";0;2;0;0;0;0
"Neck Rd";40,595246;-73,955161;"Route2";"Q";1;2;1;0;0;1
"Beach 36th St";40,595398;-73,768175;"Route1";"A";0;1;0;0;0;0
"Av U";40,596063;-73,973357;"Route1";"F";0;1;0;0;0;0
"Av U";40,597473;-73,979137;"Route1";"N";0;1;0;0;0;0
"25th Av";40,597704;-73,986829;"Route1";"D";0;1;0;0;0;0
"Av U";40,5993;-73,955929;"Route1";"B";0;2;0;0;0;0
"Av U";40,5993;-73,955929;"Route2";"Q";1;2;1;0;0;1
"Beach 25th St";40,600066;-73,761353;"Route1";"A";0;1;0;0;0;0
"Bay Parkway";40,601875;-73,993728;"Route1";"D";0;1;0;0;0;0
"Kings Highway";40,603217;-73,972361;"Route1";"F";0;1;0;0;0;0
"Kings Highway";40,603923;-73,980353;"Route1";"N";0;1;0;0;0;0
"Far Rockaway-Mott Av";40,603995;-73,755405;"Route1";"A";0;1;0;0;0;0
"20th Av";40,604556;-73,998168;"Route1";"D";0;1;0;0;0;0
"18th Av";40,607954;-74,001736;"Route1";"D";0;1;0;0;0;0
"Broad Channel";40,608382;-73,815925;"Route1";"A";0;2;0;0;0;0
"Broad Channel";40,608382;-73,815925;"Route2";"H";1;2;1;0;0;1
"Kings Highway";40,60867;-73,957734;"Route1";"B";0;2;0;0;0;0
"Kings Highway";40,60867;-73,957734;"Route2";"Q";1;2;1;0;0;1
"Av P";40,608944;-73,973022;"Route1";"F";0;1;0;0;0;0
"Bay Parkway-22nd Av";40,611815;-73,981848;"Route1";"N";0;1;0;0;0;0
"79th St";40,613501;-74,00061;"Route1";"D";0;1;0;0;0;0
"Av N";40,61514;-73,974197;"Route1";"F";0;1;0;0;0;0
"95th St";40,616622;-74,030876;"Route1";"R";0;1;0;0;0;0
"20th Av";40,61741;-73,985026;"Route1";"N";0;1;0;0;0;0
"Av M";40,617618;-73,959399;"Route1";"B";0;2;0;0;0;0
"Av M";40,617618;-73,959399;"Route2";"Q";1;2;1;0;0;1
"71st St";40,619589;-73,998864;"Route1";"D";0;1;0;0;0;0
"18th Av";40,620671;-73,990414;"Route1";"N";0;1;0;0;0;0
"Bay Parkway-22nd Av";40,620769;-73,975264;"Route1";"F";0;1;0;0;0;0
"86th St";40,622687;-74,028398;"Route1";"R";0;1;0;0;0;0
"New Utrecht Av";40,624842;-73,996353;"Route1";"D";0;2;0;0;0;0
"New Utrecht Av";40,624842;-73,996353;"Route2";"N";1;2;1;0;0;1
"Av J";40,625039;-73,960803;"Route1";"B";0;2;0;0;0;0
"Av J";40,625039;-73,960803;"Route2";"Q";1;2;1;0;0;1
"Av I";40,625322;-73,976127;"Route1";"F";0;1;0;0;0;0
"62nd St";40,626472;-73,996895;"Route1";"D";0;2;0;0;0;0
"62nd St";40,626472;-73,996895;"Route2";"N";1;2;1;0;0;1
"Av H";40,62927;-73,961639;"Route1";"B";0;2;0;0;0;0
"Av H";40,62927;-73,961639;"Route2";"Q";1;2;1;0;0;1
"77th St";40,629742;-74,02551;"Route1";"R";0;1;0;0;0;0
"18th Av";40,629755;-73,976971;"Route1";"F";0;1;0;0;0;0
"Fort Hamilton Parkway";40,631386;-74,005351;"Route1";"N";0;1;0;0;0;0
"55th St";40,631435;-73,995476;"Route1";"D";0;1;0;0;0;0
"Flatbush Av-Brooklyn College";40,632836;-73,947642;"Route1";"2";0;2;0;0;0;0
"Flatbush Av-Brooklyn College";40,632836;-73,947642;"Route2";"5";1;2;1;0;0;1
"Bay Ridge Av";40,634967;-74,023377;"Route1";"R";0;1;0;0;0;0
"8th Av";40,635064;-74,011719;"Route1";"N";0;1;0;0;0;0
"Newkirk Av";40,635082;-73,962793;"Route1";"B";0;2;0;0;0;0
"Newkirk Av";40,635082;-73,962793;"Route2";"Q";1;2;1;0;0;1
"Ditmas Av";40,636119;-73,978172;"Route1";"F";0;1;0;0;0;0
"50th St";40,63626;-73,994791;"Route1";"D";0;1;0;0;0;0
"Newkirk Av";40,639967;-73,948411;"Route1";"2";0;2;0;0;0;0
"Newkirk Av";40,639967;-73,948411;"Route2";"5";1;2;1;0;0;1
"Fort Hamilton Parkway";40,640914;-73,994304;"Route1";"D";0;1;0;0;0;0
"Cortelyou Rd";40,640927;-73,963891;"Route1";"B";0;2;0;0;0;0
"Cortelyou Rd";40,640927;-73,963891;"Route2";"Q";1;2;1;0;0;1
"59th St";40,641362;-74,017881;"Route1";"N";0;2;0;0;0;0
"59th St";40,641362;-74,017881;"Route2";"R";1;2;1;0;0;1
"Beverly Rd";40,644031;-73,964492;"Route1";"B";0;2;0;0;0;0
"Beverly Rd";40,644031;-73,964492;"Route2";"Q";1;2;1;0;0;1
"Church Av";40,644041;-73,979678;"Route1";"F";0;1;0;0;0;0
"53rd St";40,645069;-74,014034;"Route1";"R";0;1;0;0;0;0
"Beverly Rd";40,645098;-73,948959;"Route1";"2";0;2;0;0;0;0
"Beverly Rd";40,645098;-73,948959;"Route2";"5";1;2;1;0;0;1
"Canarsie - Rockaway Parkway";40,645757;-73,9025;"Route1";"L";0;1;0;0;0;0
"Canarsie - Rockaway Parkway";40,645957;-73,901741;"Route1";"L";0;1;0;0;0;0
"9th Av";40,646292;-73,994324;"Route1";"D";0;1;0;0;0;0
"Canarsie - Rockaway Parkway";40,646654;-73,90185;"Route1";"L";0;1;0;0;0;0
"45th St";40,648939;-74,010006;"Route1";"R";0;1;0;0;0;0
"Church Av";40,650527;-73,962982;"Route1";"B";0;2;0;0;0;0
"Church Av";40,650527;-73,962982;"Route2";"Q";1;2;1;0;0;1
"East 105th St";40,650573;-73,899485;"Route1";"L";0;1;0;0;0;0
"Fort Hamilton Parkway";40,650782;-73,975776;"Route1";"F";0;1;0;0;0;0
"Church Av";40,650843;-73,949575;"Route1";"2";0;2;0;0;0;0
"Church Av";40,650843;-73,949575;"Route2";"5";1;2;1;0;0;1
"36th St";40,655144;-74,003549;"Route1";"N";0;2;0;0;0;0
"36th St";40,655144;-74,003549;"Route2";"R";1;2;1;0;0;1
"Parkside Av";40,655292;-73,961495;"Route1";"B";0;2;0;0;0;0
"Parkside Av";40,655292;-73,961495;"Route2";"Q";1;2;1;0;0;1
"Winthrop St";40,656652;-73,9502;"Route1";"2";0;2;0;0;0;0
"Winthrop St";40,656652;-73,9502;"Route2";"5";1;2;1;0;0;1
"New Lots Av";40,658733;-73,899232;"Route1";"L";0;1;0;0;0;0
"Prospect Park-15 St";40,660365;-73,979493;"Route1";"F";0;1;0;0;0;0
"25th St";40,660397;-73,998091;"Route1";"R";0;1;0;0;0;0
"Howard Beach";40,660476;-73,830301;"Route1";"A";0;1;0;0;0;0
"Saratoga Av";40,661453;-73,916327;"Route1";"3";0;1;0;0;0;0
"Prospect Park";40,661614;-73,962246;"Route1";"B";0;3;0;0;0;0
"Prospect Park";40,661614;-73,962246;"Route3";"FS";1;3;1;0;0;1
"Prospect Park";40,661614;-73,962246;"Route2";"Q";2;3;2;0;0;2
"Rockaway Av";40,662549;-73,908946;"Route1";"3";0;1;0;0;0;0
"Sterling St";40,662742;-73,95085;"Route1";"2";0;2;0;0;0;0
"Sterling St";40,662742;-73,95085;"Route2";"5";1;2;1;0;0;1
"Junius St";40,663515;-73,902447;"Route1";"3";0;1;0;0;0;0
"Livonia Av";40,664038;-73,900571;"Route1";"L";0;1;0;0;0;0
"Pennsylvania Av";40,664635;-73,894895;"Route1";"3";0;1;0;0;0;0
"Sutter Av";40,664717;-73,92261;"Route1";"3";0;1;0;0;0;0
"Prospect Av";40,665414;-73,992872;"Route1";"R";0;1;0;0;0;0
"Van Siclen Av";40,665449;-73,889395;"Route1";"3";0;1;0;0;0;0
"New Lots Av";40,666235;-73,884079;"Route1";"3";0;1;0;0;0;0
"7th Av";40,666271;-73,980305;"Route1";"F";0;1;0;0;0;0
"President St";40,667883;-73,950683;"Route1";"2";0;2;0;0;0;0
"President St";40,667883;-73,950683;"Route2";"5";1;2;1;0;0;1
"Aqueduct-North Conduit Av";40,668234;-73,834058;"Route1";"A";0;1;0;0;0;0
"Utica Av";40,668897;-73,932942;"Route1";"3";0;2;0;0;0;0
"Utica Av";40,668897;-73,932942;"Route2";"4";1;2;1;0;0;1
"Sutter Av";40,669367;-73,901975;"Route1";"L";0;1;0;0;0;0
"Kingston Av";40,669399;-73,942161;"Route1";"3";0;1;0;0;0;0
"Nostrand Av";40,669847;-73,950466;"Route1";"3";0;1;0;0;0;0
"4th Av";40,670272;-73,989779;"Route1";"F";0;1;0;0;0;0
"Botanic Gardens";40,670343;-73,959245;"Route2";"2";0;5;0;0;0;0
"Botanic Gardens";40,670343;-73,959245;"Route3";"3";1;5;1;0;0;1
"Botanic Gardens";40,670343;-73,959245;"Route4";"4";2;5;2;0;0;2
"Botanic Gardens";40,670343;-73,959245;"Route5";"5";3;5;3;0;0;3
"Botanic Gardens";40,670343;-73,959245;"Route1";"FS";4;5;0;1;1;0
"Franklin Av";40,670682;-73,958131;"Route2";"2";0;5;0;0;0;0
"Franklin Av";40,670682;-73,958131;"Route3";"3";1;5;1;0;0;1
"Franklin Av";40,670682;-73,958131;"Route4";"4";2;5;2;0;0;2
"Franklin Av";40,670682;-73,958131;"Route5";"5";3;5;3;0;0;3
"Franklin Av";40,670682;-73,958131;"Route1";"FS";4;5;0;1;1;0
"9th St";40,670847;-73,988302;"Route1";"F";0;3;0;0;0;0
"9th St";40,670847;-73,988302;"Route2";"G";1;3;1;0;0;1
"9th St";40,670847;-73,988302;"Route3";"R";2;3;2;0;0;2
"Eastern Parkway-Brooklyn Museum";40,671987;-73,964375;"Route1";"2";0;2;0;0;0;0
"Eastern Parkway-Brooklyn Museum";40,671987;-73,964375;"Route2";"3";1;2;1;0;0;1
"Aqueduct Racetrack";40,672131;-73,835812;"Route1";"A";0;1;0;0;0;0
"Van Siclen Av";40,67271;-73,890358;"Route1";"A";0;2;0;0;0;0
"Van Siclen Av";40,67271;-73,890358;"Route2";"C";1;2;1;0;0;1
"Smith-9th St";40,67358;-73,995959;"Route1";"F";0;3;0;0;0;0
"Smith-9th St";40,67358;-73,995959;"Route2";"G";1;3;1;0;0;1
"Smith-9th St";40,67358;-73,995959;"Route3";"R";2;3;2;0;0;2
"Shepherd Av";40,67413;-73,88075;"Route1";"A";0;2;0;0;0;0
"Shepherd Av";40,67413;-73,88075;"Route2";"C";1;2;1;0;0;1
"Liberty Av";40,674542;-73,896548;"Route1";"A";0;2;0;0;0;0
"Liberty Av";40,674542;-73,896548;"Route2";"C";1;2;1;0;0;1
"Park Place";40,674772;-73,957624;"Route1";"FS";0;1;0;0;0;0
"Grand Army Plaza";40,675235;-73,971046;"Route1";"2";0;2;0;0;0;0
"Grand Army Plaza";40,675235;-73,971046;"Route2";"3";1;2;1;0;0;1
"Atlantic Av";40,675345;-73,903097;"Route1";"L";0;1;0;0;0;0
"Euclid Av";40,675377;-73,872106;"Route1";"A";0;2;0;0;0;0
"Euclid Av";40,675377;-73,872106;"Route2";"C";1;2;1;0;0;1
"Alabama Av";40,676992;-73,898654;"Route1";"J";0;1;0;0;0;0
"Grant Av";40,677044;-73,86505;"Route1";"A";0;1;0;0;0;0
"7th Av";40,67705;-73,972367;"Route1";"B";0;2;0;0;0;0
"7th Av";40,67705;-73,972367;"Route2";"Q";1;2;1;0;0;1
"Union St";40,677316;-73,98311;"Route1";"R";0;1;0;0;0;0
"Van Siclen Av";40,678024;-73,891688;"Route1";"J";0;2;0;0;0;0
"Van Siclen Av";40,678024;-73,891688;"Route2";"Z";1;2;1;0;0;1
"Broadway Junction-East New York";40,678334;-73,905316;"Route1";"A";0;4;0;0;0;0
"Broadway Junction-East New York";40,678334;-73,905316;"Route2";"C";1;4;1;0;0;1
"Broadway Junction-East New York";40,678334;-73,905316;"Route3";"J";2;4;2;0;0;2
"Broadway Junction-East New York";40,678334;-73,905316;"Route4";"L";3;4;3;0;0;3
"Rockaway Av";40,67834;-73,911946;"Route1";"A";0;2;0;0;0;0
"Rockaway Av";40,67834;-73,911946;"Route2";"C";1;2;1;0;0;1
"Ralph Av";40,678822;-73,920786;"Route1";"A";0;2;0;0;0;0
"Ralph Av";40,678822;-73,920786;"Route2";"C";1;2;1;0;0;1
"Utica Av";40,679364;-73,930729;"Route1";"A";0;2;0;0;0;0
"Utica Av";40,679364;-73,930729;"Route2";"C";1;2;1;0;0;1
"80th St-Hudson St";40,679371;-73,858992;"Route1";"A";0;1;0;0;0;0
"88th St-Boyd Av";40,679843;-73,85147;"Route1";"A";0;1;0;0;0;0
"Kingston-Throop";40,679921;-73,940858;"Route1";"A";0;2;0;0;0;0
"Kingston-Throop";40,679921;-73,940858;"Route2";"C";1;2;1;0;0;1
"Cleveland St";40,679947;-73,884639;"Route1";"J";0;1;0;0;0;0
"Carroll St";40,680303;-73,995048;"Route1";"F";0;2;0;0;0;0
"Carroll St";40,680303;-73,995048;"Route2";"G";1;2;1;0;0;1
"Rockaway Blvd";40,680429;-73,843853;"Route1";"A";0;1;0;0;0;0
"Nostrand Av";40,680438;-73,950426;"Route1";"A";0;2;0;0;0;0
"Nostrand Av";40,680438;-73,950426;"Route2";"C";1;2;1;0;0;1
"Franklin Av";40,680596;-73,955827;"Route1";"A";0;2;0;0;0;0
"Franklin Av";40,680596;-73,955827;"Route2";"FS";1;2;1;0;0;1
"Bergen St";40,680829;-73,975098;"Route1";"2";0;2;0;0;0;0
"Bergen St";40,680829;-73,975098;"Route2";"3";1;2;1;0;0;1
"Franklin Av";40,68138;-73,956848;"Route1";"A";0;3;0;0;0;0
"Franklin Av";40,68138;-73,956848;"Route2";"C";1;3;1;0;0;1
"Franklin Av";40,68138;-73,956848;"Route3";"FS";2;3;2;0;0;2
"Norwood Av";40,68141;-73,880039;"Route1";"J";0;2;0;0;0;0
"Norwood Av";40,68141;-73,880039;"Route2";"Z";1;2;1;0;0;1
"104th St-Oxford Av";40,681711;-73,837683;"Route1";"A";0;1;0;0;0;0
"Bushwick Av";40,682829;-73,905249;"Route1";"L";0;1;0;0;0;0
"Chauncey St";40,682893;-73,910456;"Route1";"J";0;2;0;0;0;0
"Chauncey St";40,682893;-73,910456;"Route2";"Z";1;2;1;0;0;1
"Crescent St";40,683194;-73,873785;"Route1";"J";0;2;0;0;0;0
"Crescent St";40,683194;-73,873785;"Route2";"Z";1;2;1;0;0;1
"Clinton & Washington Avs";40,683263;-73,965838;"Route1";"C";0;1;0;0;0;0
"Atlantic Av-Barclays Ctr";40,683666;-73,97881;"Route6";"2";0;18;0;0;0;0
"Pacific St";40,683666;-73,97881;"Route6";"2";0;18;0;0;0;0
"Atlantic Av-Barclays Ctr";40,683666;-73,97881;"Route7";"3";1;18;1;0;0;1
"Pacific St";40,683666;-73,97881;"Route7";"3";1;18;1;0;0;1
"Atlantic Av-Barclays Ctr";40,683666;-73,97881;"Route8";"4";2;18;2;0;0;2
"Pacific St";40,683666;-73,97881;"Route8";"4";2;18;2;0;0;2
"Atlantic Av-Barclays Ctr";40,683666;-73,97881;"Route9";"5";3;18;3;0;0;3
"Pacific St";40,683666;-73,97881;"Route9";"5";3;18;3;0;0;3
"Atlantic Av-Barclays Ctr";40,683666;-73,97881;"Route1";"B";4;18;0;1;1;0
"Pacific St";40,683666;-73,97881;"Route1";"B";4;18;0;1;1;0
"Atlantic Av-Barclays Ctr";40,683666;-73,97881;"Route3";"D";5;18;1;1;1;1
"Pacific St";40,683666;-73,97881;"Route3";"D";5;18;1;1;1;1
"Atlantic Av-Barclays Ctr";40,683666;-73,97881;"Route4";"N";6;18;2;1;1;2
"Pacific St";40,683666;-73,97881;"Route4";"N";6;18;2;1;1;2
"Atlantic Av-Barclays Ctr";40,683666;-73,97881;"Route2";"Q";7;18;3;1;1;3
"Pacific St";40,683666;-73,97881;"Route2";"Q";7;18;3;1;1;3
"Atlantic Av-Barclays Ctr";40,683666;-73,97881;"Route5";"R";8;18;0;2;2;0
"Pacific St";40,683666;-73,97881;"Route5";"R";8;18;0;2;2;0
"111th St-Greenwood Av";40,684331;-73,832163;"Route1";"A";0;1;0;0;0;0
"Atlantic Av-Barclays Ctr";40,684359;-73,977666;"Route6";"2";0;9;0;0;0;0
"Atlantic Av-Barclays Ctr";40,684359;-73,977666;"Route7";"3";1;9;1;0;0;1
"Atlantic Av-Barclays Ctr";40,684359;-73,977666;"Route8";"4";2;9;2;0;0;2
"Atlantic Av-Barclays Ctr";40,684359;-73,977666;"Route9";"5";3;9;3;0;0;3
"Atlantic Av-Barclays Ctr";40,684359;-73,977666;"Route1";"B";4;9;0;1;1;0
"Atlantic Av-Barclays Ctr";40,684359;-73,977666;"Route2";"D";5;9;1;1;1;1
"Atlantic Av-Barclays Ctr";40,684359;-73,977666;"Route3";"N";6;9;2;1;1;2
"Atlantic Av-Barclays Ctr";40,684359;-73,977666;"Route4";"Q";7;9;3;1;1;3
"Atlantic Av-Barclays Ctr";40,684359;-73,977666;"Route5";"R";8;9;0;2;2;0
"Atlantic Av";40,68446;-73,97689;"Route6";"2";0;9;0;0;0;0
"Atlantic Av";40,68446;-73,97689;"Route7";"3";1;9;1;0;0;1
"Atlantic Av";40,68446;-73,97689;"Route8";"4";2;9;2;0;0;2
"Atlantic Av";40,68446;-73,97689;"Route9";"5";3;9;3;0;0;3
"Atlantic Av";40,68446;-73,97689;"Route1";"B";4;9;0;1;1;0
"Atlantic Av";40,68446;-73,97689;"Route3";"D";5;9;1;1;1;1
"Atlantic Av";40,68446;-73,97689;"Route4";"N";6;9;2;1;1;2
"Atlantic Av";40,68446;-73,97689;"Route2";"Q";7;9;3;1;1;3
"Atlantic Av";40,68446;-73,97689;"Route5";"R";8;9;0;2;2;0
"Lefferts Blvd";40,685951;-73,825798;"Route1";"A";0;1;0;0;0;0
"Lafayette Av";40,686113;-73,973946;"Route1";"C";0;1;0;0;0;0
"Bergen St";40,686145;-73,990862;"Route1";"F";0;2;0;0;0;0
"Bergen St";40,686145;-73,990862;"Route2";"G";1;2;1;0;0;1
"Halsey St";40,68637;-73,916559;"Route1";"J";0;1;0;0;0;0
"Fulton St";40,687119;-73,975375;"Route1";"G";0;1;0;0;0;0
"Clinton-Washington Avs";40,688089;-73,966839;"Route1";"G";0;1;0;0;0;0
"Nevins St";40,688246;-73,980492;"Route1";"2";0;4;0;0;0;0
"Nevins St";40,688246;-73,980492;"Route2";"3";1;4;1;0;0;1
"Nevins St";40,688246;-73,980492;"Route3";"4";2;4;2;0;0;2
"Nevins St";40,688246;-73,980492;"Route4";"5";3;4;3;0;0;3
"Hoyt & Schermerhorn";40,688484;-73,985001;"Route1";"A";0;3;0;0;0;0
"Hoyt & Schermerhorn";40,688484;-73,985001;"Route2";"C";1;3;1;0;0;1
"Hoyt & Schermerhorn";40,688484;-73,985001;"Route3";"G";2;3;2;0;0;2
"Wilson Av";40,688764;-73,904046;"Route1";"L";0;1;0;0;0;0
"Classon Av";40,688873;-73,96007;"Route1";"G";0;1;0;0;0;0
"Bedford-Nostrand Avs";40,689627;-73,953522;"Route1";"G";0;1;0;0;0;0
"Gates Av";40,68963;-73,92227;"Route1";"J";0;2;0;0;0;0
"Gates Av";40,68963;-73,92227;"Route2";"Z";1;2;1;0;0;1
"Cypress Hills";40,689941;-73,87255;"Route1";"J";0;1;0;0;0;0
"Hoyt St";40,690545;-73,985065;"Route1";"2";0;2;0;0;0;0
"Hoyt St";40,690545;-73,985065;"Route2";"3";1;2;1;0;0;1
"DeKalb Av";40,690635;-73,981824;"Route1";"B";0;3;0;0;0;0
"DeKalb Av";40,690635;-73,981824;"Route2";"Q";1;3;1;0;0;1
"DeKalb Av";40,690635;-73,981824;"Route3";"R";2;3;2;0;0;2
"Elderts Lane-75th St";40,691324;-73,867139;"Route1";"J";0;2;0;0;0;0
"Elderts Lane-75th St";40,691324;-73,867139;"Route2";"Z";1;2;1;0;0;1
"Lawrence St";40,69218;-73,985942;"Route1";"A";0;4;0;0;0;0
"Lawrence St";40,69218;-73,985942;"Route2";"C";1;4;1;0;0;1
"Lawrence St";40,69218;-73,985942;"Route3";"F";2;4;2;0;0;2
"Lawrence St";40,69218;-73,985942;"Route4";"R";3;4;3;0;0;3
"Jay St - Borough Hall";40,692338;-73,987342;"Route1";"A";0;4;0;0;0;0
"Jay St - Borough Hall";40,692338;-73,987342;"Route2";"C";1;4;1;0;0;1
"Jay St - Borough Hall";40,692338;-73,987342;"Route3";"F";2;4;2;0;0;2
"Jay St - Borough Hall";40,692338;-73,987342;"Route4";"R";3;4;3;0;0;3
"Borough Hall";40,692404;-73,990151;"Route2";"2";0;5;0;0;0;0
"Borough Hall";40,692404;-73,990151;"Route3";"3";1;5;1;0;0;1
"Borough Hall";40,692404;-73,990151;"Route4";"4";2;5;2;0;0;2
"Borough Hall";40,692404;-73,990151;"Route5";"5";3;5;3;0;0;3
"Borough Hall";40,692404;-73,990151;"Route1";"R";4;5;0;1;1;0
"Forest Parkway-85th St";40,692435;-73,86001;"Route1";"J";0;1;0;0;0;0
"Borough Hall";40,693219;-73,989998;"Route2";"2";0;5;0;0;0;0
"Borough Hall";40,693219;-73,989998;"Route3";"3";1;5;1;0;0;1
"Borough Hall";40,693219;-73,989998;"Route4";"4";2;5;2;0;0;2
"Borough Hall";40,693219;-73,989998;"Route5";"5";3;5;3;0;0;3
"Borough Hall";40,693219;-73,989998;"Route1";"R";4;5;0;1;1;0
"Kosciusko St";40,693342;-73,928814;"Route1";"J";0;1;0;0;0;0
"Woodhaven Blvd";40,693879;-73,851576;"Route1";"J";0;2;0;0;0;0
"Woodhaven Blvd";40,693879;-73,851576;"Route2";"Z";1;2;1;0;0;1
"Court St";40,6941;-73,991777;"Route2";"2";0;5;0;0;0;0
"Court St";40,6941;-73,991777;"Route3";"3";1;5;1;0;0;1
"Court St";40,6941;-73,991777;"Route4";"4";2;5;2;0;0;2
"Court St";40,6941;-73,991777;"Route5";"5";3;5;3;0;0;3
"Court St";40,6941;-73,991777;"Route1";"R";4;5;0;1;1;0
"Myrtle-Willoughby Avs";40,694568;-73,949046;"Route1";"G";0;1;0;0;0;0
"104th St-102nd St";40,695178;-73,84433;"Route1";"J";0;2;0;0;0;0
"104th St-102nd St";40,695178;-73,84433;"Route2";"Z";1;2;1;0;0;1
"Halsey St";40,695602;-73,904084;"Route1";"L";0;1;0;0;0;0
"Myrtle Av";40,697207;-73,935657;"Route1";"J";0;3;0;0;0;0
"Myrtle Av";40,697207;-73,935657;"Route2";"M";1;3;1;0;0;1
"Myrtle Av";40,697207;-73,935657;"Route3";"Z";2;3;2;0;0;2
"111th St";40,697418;-73,836345;"Route1";"J";0;1;0;0;0;0
"Clark St";40,697466;-73,993086;"Route1";"2";0;2;0;0;0;0
"Clark St";40,697466;-73,993086;"Route2";"3";1;2;1;0;0;1
"Central Av";40,697857;-73,927397;"Route1";"M";0;1;0;0;0;0
"Knickerbocker Av";40,698664;-73,919711;"Route1";"M";0;1;0;0;0;0
"High St";40,699337;-73,990531;"Route5";"2";0;8;0;0;0;0
"High St";40,699337;-73,990531;"Route6";"3";1;8;1;0;0;1
"High St";40,699337;-73,990531;"Route7";"4";2;8;2;0;0;2
"High St";40,699337;-73,990531;"Route8";"5";3;8;3;0;0;3
"High St";40,699337;-73,990531;"Route1";"A";4;8;0;1;1;0
"High St";40,699337;-73,990531;"Route2";"C";5;8;1;1;1;1
"High St";40,699337;-73,990531;"Route3";"J";6;8;2;1;1;2
"High St";40,699337;-73,990531;"Route4";"Z";7;8;3;1;1;3
"York St";40,699743;-73,986885;"Route1";"F";0;1;0;0;0;0
"Myrtle Av";40,699814;-73,911586;"Route1";"L";0;2;0;0;0;0
"Myrtle Av";40,699814;-73,911586;"Route2";"M";1;2;1;0;0;1
"Flushing Av";40,70026;-73,941126;"Route1";"J";0;2;0;0;0;0
"Flushing Av";40,70026;-73,941126;"Route2";"M";1;2;1;0;0;1
"Flushing Av";40,700377;-73,950234;"Route1";"G";0;1;0;0;0;0
"Sutphin Blvd-Archer Av - JFK";40,700486;-73,807969;"Route1";"E";0;3;0;0;0;0
"Sutphin Blvd-Archer Av - JFK";40,700486;-73,807969;"Route2";"J";1;3;1;0;0;1
"Sutphin Blvd-Archer Av - JFK";40,700486;-73,807969;"Route3";"Z";2;3;2;0;0;2
"121st St";40,700492;-73,828294;"Route1";"J";0;2;0;0;0;0
"121st St";40,700492;-73,828294;"Route2";"Z";1;2;1;0;0;1
"South Ferry";40,702068;-74,013664;"Route2";"1";0;2;0;0;0;0
"South Ferry";40,702068;-74,013664;"Route1";"R";1;2;1;0;0;1
"Parsons Blvd-Archer Av - Jamaica Center";40,702147;-73,801109;"Route1";"E";0;3;0;0;0;0
"Parsons Blvd-Archer Av - Jamaica Center";40,702147;-73,801109;"Route2";"J";1;3;1;0;0;1
"Parsons Blvd-Archer Av - Jamaica Center";40,702147;-73,801109;"Route3";"Z";2;3;2;0;0;2
"Jamaica-Van Wyck";40,702566;-73,816859;"Route1";"E";0;1;0;0;0;0
"Seneca Av";40,702762;-73,90774;"Route1";"M";0;1;0;0;0;0
"Whitehall St";40,703087;-74,012994;"Route2";"1";0;2;0;0;0;0
"Whitehall St";40,703087;-74,012994;"Route1";"R";1;2;1;0;0;1
"DeKalb Av";40,703811;-73,918425;"Route1";"L";0;1;0;0;0;0
"Lorimer St";40,703869;-73,947408;"Route1";"J";0;2;0;0;0;0
"Lorimer St";40,703869;-73,947408;"Route2";"M";1;2;1;0;0;1
"Forest Av";40,704423;-73,903077;"Route1";"M";0;1;0;0;0;0
"Bowling Green";40,704817;-74,014065;"Route1";"4";0;2;0;0;0;0
"Bowling Green";40,704817;-74,014065;"Route2";"5";1;2;1;0;0;1
"Sutphin Blvd";40,70546;-73,810708;"Route1";"F";0;1;0;0;0;0
"Broadway";40,706092;-73,950308;"Route1";"G";0;1;0;0;0;0
"Morgan Av";40,706152;-73,933147;"Route1";"L";0;1;0;0;0;0
"Fresh Pond Rd";40,706186;-73,895877;"Route1";"M";0;1;0;0;0;0
"Broad St";40,706476;-74,011056;"Route1";"J";0;2;0;0;0;0
"Broad St";40,706476;-74,011056;"Route2";"Z";1;2;1;0;0;1
"Jefferson St";40,706607;-73,922913;"Route1";"L";0;1;0;0;0;0
"Wall St";40,706821;-74,0091;"Route1";"2";0;2;0;0;0;0
"Wall St";40,706821;-74,0091;"Route2";"3";1;2;1;0;0;1
"Hewes St";40,70687;-73,953431;"Route1";"J";0;2;0;0;0;0
"Hewes St";40,70687;-73,953431;"Route2";"M";1;2;1;0;0;1
"Rector St";40,70722;-74,013342;"Route1";"R";0;1;0;0;0;0
"Rector St";40,707513;-74,013783;"Route1";"1";0;1;0;0;0;0
"Wall St";40,707557;-74,011862;"Route1";"4";0;2;0;0;0;0
"Wall St";40,707557;-74,011862;"Route2";"5";1;2;1;0;0;1
"Parsons Blvd";40,707564;-73,803326;"Route1";"F";0;1;0;0;0;0
"Montrose Av";40,707739;-73,93985;"Route1";"L";0;1;0;0;0;0
"Marcy Av";40,708359;-73,957757;"Route1";"J";0;3;0;0;0;0
"Marcy Av";40,708359;-73,957757;"Route2";"M";1;3;1;0;0;1
"Marcy Av";40,708359;-73,957757;"Route3";"Z";2;3;2;0;0;2
"Briarwood-Van Wyck Blvd";40,709179;-73,820574;"Route1";"F";0;1;0;0;0;0
"Fulton St";40,709416;-74,006571;"Route5";"2";0;8;0;0;0;0
"Fulton St";40,709416;-74,006571;"Route6";"3";1;8;1;0;0;1
"Fulton St";40,709416;-74,006571;"Route7";"4";2;8;2;0;0;2
"Fulton St";40,709416;-74,006571;"Route8";"5";3;8;3;0;0;3
"Fulton St";40,709416;-74,006571;"Route1";"A";4;8;0;1;1;0
"Fulton St";40,709416;-74,006571;"Route2";"C";5;8;1;1;1;1
"Fulton St";40,709416;-74,006571;"Route3";"J";6;8;2;1;1;2
"Fulton St";40,709416;-74,006571;"Route4";"Z";7;8;3;1;1;3
"Broadway-Nassau";40,710197;-74,007691;"Route5";"2";0;8;0;0;0;0
"Broadway-Nassau";40,710197;-74,007691;"Route6";"3";1;8;1;0;0;1
"Broadway-Nassau";40,710197;-74,007691;"Route7";"4";2;8;2;0;0;2
"Broadway-Nassau";40,710197;-74,007691;"Route8";"5";3;8;3;0;0;3
"Broadway-Nassau";40,710197;-74,007691;"Route1";"A";4;8;0;1;1;0
"Broadway-Nassau";40,710197;-74,007691;"Route2";"C";5;8;1;1;1;1
"Broadway-Nassau";40,710197;-74,007691;"Route3";"J";6;8;2;1;1;2
"Broadway-Nassau";40,710197;-74,007691;"Route4";"Z";7;8;3;1;1;3
"Fulton St";40,710368;-74,009509;"Route5";"2";0;8;0;0;0;0
"Fulton St";40,710368;-74,009509;"Route6";"3";1;8;1;0;0;1
"Fulton St";40,710368;-74,009509;"Route7";"4";2;8;2;0;0;2
"Fulton St";40,710368;-74,009509;"Route8";"5";3;8;3;0;0;3
"Fulton St";40,710368;-74,009509;"Route1";"A";4;8;0;1;1;0
"Fulton St";40,710368;-74,009509;"Route2";"C";5;8;1;1;1;1
"Fulton St";40,710368;-74,009509;"Route3";"J";6;8;2;1;1;2
"Fulton St";40,710368;-74,009509;"Route4";"Z";7;8;3;1;1;3
"Fulton St";40,710374;-74,007582;"Route5";"2";0;8;0;0;0;0
"Fulton St";40,710374;-74,007582;"Route6";"3";1;8;1;0;0;1
"Fulton St";40,710374;-74,007582;"Route7";"4";2;8;2;0;0;2
"Fulton St";40,710374;-74,007582;"Route8";"5";3;8;3;0;0;3
"Fulton St";40,710374;-74,007582;"Route1";"A";4;8;0;1;1;0
"Fulton St";40,710374;-74,007582;"Route2";"C";5;8;1;1;1;1
"Fulton St";40,710374;-74,007582;"Route3";"J";6;8;2;1;1;2
"Fulton St";40,710374;-74,007582;"Route4";"Z";7;8;3;1;1;3
"169th St";40,71047;-73,793604;"Route1";"F";0;1;0;0;0;0
"Cortlandt St";40,710668;-74,011029;"Route1";"R";0;1;0;0;0;0
"Metropolitan Av";40,711396;-73,889601;"Route1";"M";0;1;0;0;0;0
"Brooklyn Bridge-City Hall";40,711824;-74,005057;"Route3";"4";0;5;0;0;0;0
"Brooklyn Bridge-City Hall";40,711824;-74,005057;"Route4";"5";1;5;1;0;0;1
"Brooklyn Bridge-City Hall";40,711824;-74,005057;"Route5";"6";2;5;2;0;0;2
"Brooklyn Bridge-City Hall";40,711824;-74,005057;"Route1";"J";3;5;3;0;0;3
"Brooklyn Bridge-City Hall";40,711824;-74,005057;"Route2";"Z";4;5;0;1;1;0
"Brooklyn Bridge-City Hall";40,711857;-74,005114;"Route3";"4";0;5;0;0;0;0
"Brooklyn Bridge-City Hall";40,711857;-74,005114;"Route4";"5";1;5;1;0;0;1
"Brooklyn Bridge-City Hall";40,711857;-74,005114;"Route5";"6";2;5;2;0;0;2
"Brooklyn Bridge-City Hall";40,711857;-74,005114;"Route1";"J";3;5;3;0;0;3
"Brooklyn Bridge-City Hall";40,711857;-74,005114;"Route2";"Z";4;5;0;1;1;0
"Grand St";40,711926;-73,94067;"Route1";"L";0;1;0;0;0;0
"Brooklyn Bridge-City Hall";40,712333;-74,004387;"Route3";"4";0;5;0;0;0;0
"Brooklyn Bridge-City Hall";40,712333;-74,004387;"Route4";"5";1;5;1;0;0;1
"Brooklyn Bridge-City Hall";40,712333;-74,004387;"Route5";"6";2;5;2;0;0;2
"Brooklyn Bridge-City Hall";40,712333;-74,004387;"Route1";"J";3;5;3;0;0;3
"Brooklyn Bridge-City Hall";40,712333;-74,004387;"Route2";"Z";4;5;0;1;1;0
"World Trade Center";40,712582;-74,009781;"Route4";"2";0;5;0;0;0;0
"World Trade Center";40,712582;-74,009781;"Route5";"3";1;5;1;0;0;1
"World Trade Center";40,712582;-74,009781;"Route1";"A";2;5;2;0;0;2
"World Trade Center";40,712582;-74,009781;"Route2";"C";3;5;3;0;0;3
"World Trade Center";40,712582;-74,009781;"Route3";"E";4;5;0;1;1;0
"Jamaica-179th St";40,712646;-73,783817;"Route1";"F";0;1;0;0;0;0
"Brooklyn Bridge-City Hall";40,712723;-74,004971;"Route3";"4";0;5;0;0;0;0
"Brooklyn Bridge-City Hall";40,712723;-74,004971;"Route4";"5";1;5;1;0;0;1
"Brooklyn Bridge-City Hall";40,712723;-74,004971;"Route5";"6";2;5;2;0;0;2
"Brooklyn Bridge-City Hall";40,712723;-74,004971;"Route1";"J";3;5;3;0;0;3
"Brooklyn Bridge-City Hall";40,712723;-74,004971;"Route2";"Z";4;5;0;1;1;0
"Metropolitan Av";40,712792;-73,951418;"Route1";"G";0;2;0;0;0;0
"Metropolitan Av";40,712792;-73,951418;"Route2";"L";1;2;1;0;0;1
"Brooklyn Bridge-City Hall";40,712868;-74,004806;"Route3";"4";0;5;0;0;0;0
"Brooklyn Bridge-City Hall";40,712868;-74,004806;"Route4";"5";1;5;1;0;0;1
"Brooklyn Bridge-City Hall";40,712868;-74,004806;"Route5";"6";2;5;2;0;0;2
"Brooklyn Bridge-City Hall";40,712868;-74,004806;"Route1";"J";3;5;3;0;0;3
"Brooklyn Bridge-City Hall";40,712868;-74,004806;"Route2";"Z";4;5;0;1;1;0
"Park Place";40,713051;-74,008811;"Route4";"1";0;6;0;0;0;0
"Park Place";40,713051;-74,008811;"Route5";"2";1;6;1;0;0;1
"Park Place";40,713051;-74,008811;"Route6";"3";2;6;2;0;0;2
"Park Place";40,713051;-74,008811;"Route1";"A";3;6;3;0;0;3
"Park Place";40,713051;-74,008811;"Route2";"C";4;6;0;1;1;0
"Park Place";40,713051;-74,008811;"Route3";"E";5;6;1;1;1;1
"Brooklyn Bridge-City Hall";40,713065;-74,004131;"Route3";"4";0;5;0;0;0;0
"Brooklyn Bridge-City Hall";40,713065;-74,004131;"Route4";"5";1;5;1;0;0;1
"Brooklyn Bridge-City Hall";40,713065;-74,004131;"Route5";"6";2;5;2;0;0;2
"Brooklyn Bridge-City Hall";40,713065;-74,004131;"Route1";"J";3;5;3;0;0;3
"Brooklyn Bridge-City Hall";40,713065;-74,004131;"Route2";"Z";4;5;0;1;1;0
"Chambers St";40,713243;-74,003401;"Route3";"4";0;5;0;0;0;0
"Chambers St";40,713243;-74,003401;"Route4";"5";1;5;1;0;0;1
"Chambers St";40,713243;-74,003401;"Route5";"6";2;5;2;0;0;2
"Chambers St";40,713243;-74,003401;"Route1";"J";3;5;3;0;0;3
"Chambers St";40,713243;-74,003401;"Route2";"Z";4;5;0;1;1;0
"City Hall";40,713282;-74,006978;"Route1";"R";0;1;0;0;0;0
"East Broadway";40,713715;-73,990173;"Route1";"F";0;1;0;0;0;0
"Brooklyn Bridge-City Hall";40,713813;-74,003907;"Route3";"4";0;5;0;0;0;0
"Brooklyn Bridge-City Hall";40,713813;-74,003907;"Route4";"5";1;5;1;0;0;1
"Brooklyn Bridge-City Hall";40,713813;-74,003907;"Route5";"6";2;5;2;0;0;2
"Brooklyn Bridge-City Hall";40,713813;-74,003907;"Route1";"J";3;5;3;0;0;3
"Brooklyn Bridge-City Hall";40,713813;-74,003907;"Route2";"Z";4;5;0;1;1;0
"Brooklyn Bridge-City Hall";40,713889;-74,003654;"Route3";"4";0;5;0;0;0;0
"Brooklyn Bridge-City Hall";40,713889;-74,003654;"Route4";"5";1;5;1;0;0;1
"Brooklyn Bridge-City Hall";40,713889;-74,003654;"Route5";"6";2;5;2;0;0;2
"Brooklyn Bridge-City Hall";40,713889;-74,003654;"Route1";"J";3;5;3;0;0;3
"Brooklyn Bridge-City Hall";40,713889;-74,003654;"Route2";"Z";4;5;0;1;1;0
"Lorimer St";40,714063;-73,950275;"Route1";"G";0;2;0;0;0;0
"Lorimer St";40,714063;-73,950275;"Route2";"L";1;2;1;0;0;1
"Chambers St";40,714111;-74,008585;"Route4";"2";0;5;0;0;0;0
"Chambers St";40,714111;-74,008585;"Route5";"3";1;5;1;0;0;1
"Chambers St";40,714111;-74,008585;"Route1";"A";2;5;2;0;0;2
"Chambers St";40,714111;-74,008585;"Route2";"C";3;5;3;0;0;3
"Chambers St";40,714111;-74,008585;"Route3";"E";4;5;0;1;1;0
"Chambers St";40,71419;-74,003199;"Route3";"4";0;5;0;0;0;0
"Chambers St";40,71419;-74,003199;"Route4";"5";1;5;1;0;0;1
"Chambers St";40,71419;-74,003199;"Route5";"6";2;5;2;0;0;2
"Chambers St";40,71419;-74,003199;"Route1";"J";3;5;3;0;0;3
"Chambers St";40,71419;-74,003199;"Route2";"Z";4;5;0;1;1;0
"Kew Gardens-Union Turnpike";40,714441;-73,831008;"Route1";"E";0;2;0;0;0;0
"Kew Gardens-Union Turnpike";40,714441;-73,831008;"Route2";"F";1;2;1;0;0;1
"Graham Av";40,714565;-73,944053;"Route1";"L";0;1;0;0;0;0
"Chambers St";40,715478;-74,009266;"Route1";"1";0;3;0;0;0;0
"Chambers St";40,715478;-74,009266;"Route2";"2";1;3;1;0;0;1
"Chambers St";40,715478;-74,009266;"Route3";"3";2;3;2;0;0;2
"Bedford Av";40,717304;-73,956872;"Route1";"L";0;1;0;0;0;0
"Canal St";40,718092;-73,999892;"Route6";"6";0;6;0;0;0;0
"Canal St";40,718092;-73,999892;"Route1";"J";1;6;1;0;0;1
"Canal St";40,718092;-73,999892;"Route2";"N";2;6;2;0;0;2
"Canal St";40,718092;-73,999892;"Route3";"Q";3;6;3;0;0;3
"Canal St";40,718092;-73,999892;"Route4";"R";4;6;0;1;1;0
"Canal St";40,718092;-73,999892;"Route5";"Z";5;6;1;1;1;1
"Grand St";40,718267;-73,993753;"Route1";"B";0;2;0;0;0;0
"Grand St";40,718267;-73,993753;"Route2";"D";1;2;1;0;0;1
"Essex St";40,718315;-73,987437;"Route1";"F";0;4;0;0;0;0
"Essex St";40,718315;-73,987437;"Route2";"J";1;4;1;0;0;1
"Essex St";40,718315;-73,987437;"Route3";"M";2;4;2;0;0;2
"Essex St";40,718315;-73,987437;"Route4";"Z";3;4;3;0;0;3
"75th Av";40,718331;-73,837324;"Route1";"E";0;2;0;0;0;0
"75th Av";40,718331;-73,837324;"Route2";"F";1;2;1;0;0;1
"Delancey St";40,718611;-73,988114;"Route1";"F";0;4;0;0;0;0
"Delancey St";40,718611;-73,988114;"Route2";"J";1;4;1;0;0;1
"Delancey St";40,718611;-73,988114;"Route3";"M";2;4;2;0;0;2
"Delancey St";40,718611;-73,988114;"Route4";"Z";3;4;3;0;0;3
"Canal St";40,718803;-74,000193;"Route6";"6";0;6;0;0;0;0
"Canal St";40,718803;-74,000193;"Route1";"J";1;6;1;0;0;1
"Canal St";40,718803;-74,000193;"Route2";"N";2;6;2;0;0;2
"Canal St";40,718803;-74,000193;"Route3";"Q";3;6;3;0;0;3
"Canal St";40,718803;-74,000193;"Route4";"R";4;6;0;1;1;0
"Canal St";40,718803;-74,000193;"Route5";"Z";5;6;1;1;1;1
"Franklin St";40,719318;-74,006886;"Route1";"1";0;1;0;0;0;0
"Canal St (UL)";40,719527;-74,001775;"Route6";"6";0;6;0;0;0;0
"Canal St (UL)";40,719527;-74,001775;"Route1";"J";1;6;1;0;0;1
"Canal St (UL)";40,719527;-74,001775;"Route2";"N";2;6;2;0;0;2
"Canal St (UL)";40,719527;-74,001775;"Route3";"Q";3;6;3;0;0;3
"Canal St (UL)";40,719527;-74,001775;"Route4";"R";4;6;0;1;1;0
"Canal St (UL)";40,719527;-74,001775;"Route5";"Z";5;6;1;1;1;1
"Bowery";40,72028;-73,993915;"Route1";"J";0;2;0;0;0;0
"Bowery";40,72028;-73,993915;"Route2";"Z";1;2;1;0;0;1
"Canal St";40,720824;-74,005229;"Route1";"A";0;3;0;0;0;0
"Canal St";40,720824;-74,005229;"Route2";"C";1;3;1;0;0;1
"Canal St";40,720824;-74,005229;"Route3";"E";2;3;2;0;0;2
"Forest Hills-71st Av";40,721691;-73,844521;"Route1";"E";0;8;0;0;0;0
"Forest Hills-71st Av";40,721691;-73,844521;"Route2";"F";1;8;1;0;0;1
"Forest Hills-71st Av";40,721691;-73,844521;"Route2";"F";1;8;1;0;0;1
"Forest Hills-71st Av";40,721691;-73,844521;"Route3";"M";2;8;2;0;0;2
"Forest Hills-71st Av";40,721691;-73,844521;"Route3";"M";2;8;2;0;0;2
"Forest Hills-71st Av";40,721691;-73,844521;"Route4";"R";3;8;3;0;0;3
"Forest Hills-71st Av";40,721691;-73,844521;"Route4";"R";3;8;3;0;0;3
"Forest Hills-71st Av";40,721691;-73,844521;"Route1";"e";4;8;0;1;1;0
"Spring St";40,722301;-73,997141;"Route1";"6";0;1;0;0;0;0
"Canal St";40,722854;-74,006277;"Route1";"1";0;1;0;0;0;0
"2nd Av";40,723402;-73,989938;"Route1";"F";0;1;0;0;0;0
"Prince St";40,724329;-73,997702;"Route1";"N";0;2;0;0;0;0
"Prince St";40,724329;-73,997702;"Route2";"R";1;2;1;0;0;1
"Nassau Av";40,724635;-73,951277;"Route1";"G";0;1;0;0;0;0
"Broadway-Lafayette St";40,725297;-73,996204;"Route5";"6";0;5;0;0;0;0
"Broadway-Lafayette St";40,725297;-73,996204;"Route1";"B";1;5;1;0;0;1
"Broadway-Lafayette St";40,725297;-73,996204;"Route2";"D";2;5;2;0;0;2
"Broadway-Lafayette St";40,725297;-73,996204;"Route3";"F";3;5;3;0;0;3
"Broadway-Lafayette St";40,725297;-73,996204;"Route4";"M";4;5;0;1;1;0
"Bleecker St";40,725915;-73,994659;"Route5";"6";0;5;0;0;0;0
"Bleecker St";40,725915;-73,994659;"Route1";"B";1;5;1;0;0;1
"Bleecker St";40,725915;-73,994659;"Route2";"D";2;5;2;0;0;2
"Bleecker St";40,725915;-73,994659;"Route3";"F";3;5;3;0;0;3
"Bleecker St";40,725915;-73,994659;"Route4";"M";4;5;0;1;1;0
"Spring St";40,726227;-74,003739;"Route1";"C";0;2;0;0;0;0
"Spring St";40,726227;-74,003739;"Route2";"E";1;2;1;0;0;1
"67th Av";40,726523;-73,852719;"Route1";"M";0;2;0;0;0;0
"67th Av";40,726523;-73,852719;"Route2";"R";1;2;1;0;0;1
"Houston St";40,728251;-74,005367;"Route1";"1";0;1;0;0;0;0
"63rd Drive-Rego Park";40,729846;-73,861604;"Route1";"M";0;2;0;0;0;0
"63rd Drive-Rego Park";40,729846;-73,861604;"Route2";"R";1;2;1;0;0;1
"Astor Place";40,730054;-73,99107;"Route1";"6";0;1;0;0;0;0
"8th St";40,730328;-73,992629;"Route1";"N";0;2;0;0;0;0
"8th St";40,730328;-73,992629;"Route2";"R";1;2;1;0;0;1
"1st Av";40,730953;-73,981628;"Route1";"L";0;1;0;0;0;0
"Greenpoint Av";40,731352;-73,954449;"Route1";"G";0;1;0;0;0;0
"West 4th St";40,732338;-74,000495;"Route1";"A";0;7;0;0;0;0
"West 4th St";40,732338;-74,000495;"Route2";"B";1;7;1;0;0;1
"West 4th St";40,732338;-74,000495;"Route3";"C";2;7;2;0;0;2
"West 4th St";40,732338;-74,000495;"Route4";"D";3;7;3;0;0;3
"West 4th St";40,732338;-74,000495;"Route5";"E";4;7;0;1;1;0
"West 4th St";40,732338;-74,000495;"Route6";"F";5;7;1;1;1;1
"West 4th St";40,732338;-74,000495;"Route7";"M";6;7;2;1;1;2
"3rd Av";40,732849;-73,986122;"Route1";"L";0;1;0;0;0;0
"Woodhaven Blvd";40,733106;-73,869229;"Route1";"M";0;2;0;0;0;0
"Woodhaven Blvd";40,733106;-73,869229;"Route2";"R";1;2;1;0;0;1
"Christopher St";40,733422;-74,002906;"Route1";"1";0;1;0;0;0;0
"14th St-Union Square";40,734673;-73,989951;"Route5";"4";0;7;0;0;0;0
"14th St-Union Square";40,734673;-73,989951;"Route6";"5";1;7;1;0;0;1
"14th St-Union Square";40,734673;-73,989951;"Route7";"6";2;7;2;0;0;2
"14th St-Union Square";40,734673;-73,989951;"Route1";"L";3;7;3;0;0;3
"14th St-Union Square";40,734673;-73,989951;"Route2";"N";4;7;0;1;1;0
"14th St-Union Square";40,734673;-73,989951;"Route3";"Q";5;7;1;1;1;1
"14th St-Union Square";40,734673;-73,989951;"Route4";"R";6;7;2;1;1;2
"Union Square";40,734789;-73,99073;"Route5";"4";0;7;0;0;0;0
"Union Square";40,734789;-73,99073;"Route6";"5";1;7;1;0;0;1
"Union Square";40,734789;-73,99073;"Route7";"6";2;7;2;0;0;2
"Union Square";40,734789;-73,99073;"Route1";"L";3;7;3;0;0;3
"Union Square";40,734789;-73,99073;"Route2";"N";4;7;0;1;1;0
"Union Square";40,734789;-73,99073;"Route3";"Q";5;7;1;1;1;1
"Union Square";40,734789;-73,99073;"Route4";"R";6;7;2;1;1;2
"Union Square";40,735736;-73,990568;"Route5";"4";0;7;0;0;0;0
"Union Square";40,735736;-73,990568;"Route6";"5";1;7;1;0;0;1
"Union Square";40,735736;-73,990568;"Route7";"6";2;7;2;0;0;2
"Union Square";40,735736;-73,990568;"Route1";"L";3;7;3;0;0;3
"Union Square";40,735736;-73,990568;"Route2";"N";4;7;0;1;1;0
"Union Square";40,735736;-73,990568;"Route3";"Q";5;7;1;1;1;1
"Union Square";40,735736;-73,990568;"Route4";"R";6;7;2;1;1;2
"Grand Av-Newtown";40,737015;-73,877223;"Route1";"M";0;2;0;0;0;0
"Grand Av-Newtown";40,737015;-73,877223;"Route2";"R";1;2;1;0;0;1
"6th Av";40,737335;-73,996786;"Route4";"1";0;6;0;0;0;0
"6th Av";40,737335;-73,996786;"Route5";"2";1;6;1;0;0;1
"6th Av";40,737335;-73,996786;"Route6";"3";2;6;2;0;0;2
"6th Av";40,737335;-73,996786;"Route1";"F";3;6;3;0;0;3
"6th Av";40,737335;-73,996786;"Route2";"L";4;6;0;1;1;0
"6th Av";40,737335;-73,996786;"Route3";"M";5;6;1;1;1;1
"14th St";40,737826;-74,000201;"Route4";"1";0;6;0;0;0;0
"14th St";40,737826;-74,000201;"Route5";"2";1;6;1;0;0;1
"14th St";40,737826;-74,000201;"Route6";"3";2;6;2;0;0;2
"14th St";40,737826;-74,000201;"Route1";"F";3;6;3;0;0;3
"14th St";40,737826;-74,000201;"Route2";"L";4;6;0;1;1;0
"14th St";40,737826;-74,000201;"Route3";"M";5;6;1;1;1;1
"14th St";40,738228;-73,996209;"Route4";"1";0;6;0;0;0;0
"14th St";40,738228;-73,996209;"Route5";"2";1;6;1;0;0;1
"14th St";40,738228;-73,996209;"Route6";"3";2;6;2;0;0;2
"14th St";40,738228;-73,996209;"Route1";"F";3;6;3;0;0;3
"14th St";40,738228;-73,996209;"Route2";"L";4;6;0;1;1;0
"14th St";40,738228;-73,996209;"Route3";"M";5;6;1;1;1;1
"8th Av";40,739777;-74,002578;"Route1";"A";0;4;0;0;0;0
"8th Av";40,739777;-74,002578;"Route2";"C";1;4;1;0;0;1
"8th Av";40,739777;-74,002578;"Route3";"E";2;4;2;0;0;2
"8th Av";40,739777;-74,002578;"Route4";"L";3;4;3;0;0;3
"23rd St";40,739864;-73,986599;"Route1";"6";0;1;0;0;0;0
"14th St";40,740893;-74,00169;"Route1";"A";0;4;0;0;0;0
"14th St";40,740893;-74,00169;"Route2";"C";1;4;1;0;0;1
"14th St";40,740893;-74,00169;"Route3";"E";2;4;2;0;0;2
"14th St";40,740893;-74,00169;"Route4";"L";3;4;3;0;0;3
"18th St";40,74104;-73,997871;"Route1";"1";0;1;0;0;0;0
"23rd St";40,741303;-73,989344;"Route1";"N";0;2;0;0;0;0
"23rd St";40,741303;-73,989344;"Route2";"R";1;2;1;0;0;1
"Hunters Point";40,742216;-73,948916;"Route1";"7";0;1;0;0;0;0
"Elmhurst Av";40,742454;-73,882017;"Route1";"M";0;2;0;0;0;0
"Elmhurst Av";40,742454;-73,882017;"Route2";"R";1;2;1;0;0;1
"Vernon Blvd-Jackson Av";40,742626;-73,953581;"Route1";"7";0;1;0;0;0;0
"23rd St";40,742878;-73,992821;"Route1";"F";0;2;0;0;0;0
"23rd St";40,742878;-73,992821;"Route2";"M";1;2;1;0;0;1
"28th St";40,74307;-73,984264;"Route1";"6";0;1;0;0;0;0
"Bliss St-46th St";40,743132;-73,918435;"Route1";"7";0;1;0;0;0;0
"Lowery St-40th St";40,743781;-73,924016;"Route1";"7";0;1;0;0;0;0
"21st St";40,744065;-73,949724;"Route1";"G";0;1;0;0;0;0
"23rd St";40,744081;-73,995657;"Route1";"1";0;1;0;0;0;0
"Lincoln Av-52nd St";40,744149;-73,912549;"Route1";"7";0;1;0;0;0;0
"Rawson St-33rd St";40,744587;-73,930997;"Route1";"7";0;1;0;0;0;0
"28th St";40,745494;-73,988691;"Route1";"N";0;2;0;0;0;0
"28th St";40,745494;-73,988691;"Route2";"R";1;2;1;0;0;1
"Woodside Av-61st St";40,74563;-73,902984;"Route1";"7";0;1;0;0;0;0
"23rd St";40,745906;-73,998041;"Route1";"C";0;2;0;0;0;0
"23rd St";40,745906;-73,998041;"Route2";"E";1;2;1;0;0;1
"33rd St";40,746081;-73,982076;"Route1";"6";0;1;0;0;0;0
"Fisk Av-69th St";40,746325;-73,896403;"Route1";"7";0;1;0;0;0;0
"Long Island City-Court Square";40,746554;-73,943832;"Route1";"G";0;1;0;0;0;0
"Jackson Heights-Roosevelt Ave";40,746644;-73,891338;"Route5";"7";0;5;0;0;0;0
"Jackson Heights-Roosevelt Ave";40,746644;-73,891338;"Route1";"E";1;5;1;0;0;1
"Jackson Heights-Roosevelt Ave";40,746644;-73,891338;"Route2";"F";2;5;2;0;0;2
"Jackson Heights-Roosevelt Ave";40,746644;-73,891338;"Route3";"M";3;5;3;0;0;3
"Jackson Heights-Roosevelt Ave";40,746644;-73,891338;"Route4";"R";4;5;0;1;1;0
"Broadway-74th St";40,746848;-73,891394;"Route5";"7";0;5;0;0;0;0
"Broadway-74th St";40,746848;-73,891394;"Route1";"E";1;5;1;0;0;1
"Broadway-74th St";40,746848;-73,891394;"Route2";"F";2;5;2;0;0;2
"Broadway-74th St";40,746848;-73,891394;"Route3";"M";3;5;3;0;0;3
"Broadway-74th St";40,746848;-73,891394;"Route4";"R";4;5;0;1;1;0
"45 Rd-Court House Sq";40,747023;-73,945264;"Route4";"7";0;4;0;0;0;0
"45 Rd-Court House Sq";40,747023;-73,945264;"Route1";"E";1;4;1;0;0;1
"45 Rd-Court House Sq";40,747023;-73,945264;"Route2";"G";2;4;2;0;0;2
"45 Rd-Court House Sq";40,747023;-73,945264;"Route3";"M";3;4;3;0;0;3
"28th St";40,747215;-73,993365;"Route1";"1";0;1;0;0;0;0
"82nd St-Jackson Heights";40,747659;-73,883697;"Route1";"7";0;1;0;0;0;0
"23rd St-Ely Av";40,747846;-73,946;"Route4";"7";0;4;0;0;0;0
"23rd St-Ely Av";40,747846;-73,946;"Route1";"E";1;4;1;0;0;1
"23rd St-Ely Av";40,747846;-73,946;"Route2";"G";2;4;2;0;0;2
"23rd St-Ely Av";40,747846;-73,946;"Route3";"M";3;4;3;0;0;3
"90th St Elmhurst";40,748408;-73,876613;"Route1";"7";0;1;0;0;0;0
"Queens Plaza";40,748973;-73,937243;"Route1";"E";0;3;0;0;0;0
"Queens Plaza";40,748973;-73,937243;"Route2";"M";1;3;1;0;0;1
"Queens Plaza";40,748973;-73,937243;"Route3";"R";2;3;2;0;0;2
"Junction Blvd";40,749145;-73,869527;"Route1";"7";0;1;0;0;0;0
"34th St";40,749567;-73,98795;"Route1";"B";0;7;0;0;0;0
"34th St";40,749567;-73,98795;"Route2";"D";1;7;1;0;0;1
"34th St";40,749567;-73,98795;"Route3";"F";2;7;2;0;0;2
"34th St";40,749567;-73,98795;"Route4";"M";3;7;3;0;0;3
"34th St";40,749567;-73,98795;"Route5";"N";4;7;0;1;1;0
"34th St";40,749567;-73,98795;"Route6";"Q";5;7;1;1;1;1
"34th St";40,749567;-73,98795;"Route7";"R";6;7;2;1;1;2
"65th St";40,749669;-73,898453;"Route1";"M";0;2;0;0;0;0
"65th St";40,749669;-73,898453;"Route2";"R";1;2;1;0;0;1
"34th St";40,749719;-73,987823;"Route1";"B";0;7;0;0;0;0
"34th St";40,749719;-73,987823;"Route2";"D";1;7;1;0;0;1
"34th St";40,749719;-73,987823;"Route3";"F";2;7;2;0;0;2
"34th St";40,749719;-73,987823;"Route4";"M";3;7;3;0;0;3
"34th St";40,749719;-73,987823;"Route5";"N";4;7;0;1;1;0
"34th St";40,749719;-73,987823;"Route6";"Q";5;7;1;1;1;1
"34th St";40,749719;-73,987823;"Route7";"R";6;7;2;1;1;2
"103rd St";40,749865;-73,8627;"Route1";"7";0;1;0;0;0;0
"34th St";40,750373;-73,991057;"Route1";"1";0;3;0;0;0;0
"34th St";40,750373;-73,991057;"Route2";"2";1;3;1;0;0;1
"34th St";40,750373;-73,991057;"Route3";"3";2;3;2;0;0;2
"Queensboro Plaza";40,750582;-73,940202;"Route3";"7";0;3;0;0;0;0
"Queensboro Plaza";40,750582;-73,940202;"Route1";"N";1;3;1;0;0;1
"Queensboro Plaza";40,750582;-73,940202;"Route2";"Q";2;3;2;0;0;2
"Grand Central-42nd St";40,751431;-73,976041;"Route2";"4";0;5;0;0;0;0
"Grand Central-42nd St";40,751431;-73,976041;"Route3";"5";1;5;1;0;0;1
"Grand Central-42nd St";40,751431;-73,976041;"Route4";"6";2;5;2;0;0;2
"Grand Central-42nd St";40,751431;-73,976041;"Route5";"7";3;5;3;0;0;3
"Grand Central-42nd St";40,751431;-73,976041;"Route1";"GS";4;5;0;1;1;0
"111th St";40,75173;-73,855334;"Route1";"7";0;1;0;0;0;0
"Grand Central-42nd St";40,751776;-73,976848;"Route2";"4";0;5;0;0;0;0
"Grand Central-42nd St";40,751776;-73,976848;"Route3";"5";1;5;1;0;0;1
"Grand Central-42nd St";40,751776;-73,976848;"Route4";"6";2;5;2;0;0;2
"Grand Central-42nd St";40,751776;-73,976848;"Route5";"7";3;5;3;0;0;3
"Grand Central-42nd St";40,751776;-73,976848;"Route1";"GS";4;5;0;1;1;0
"36th St";40,752039;-73,928781;"Route1";"M";0;2;0;0;0;0
"36th St";40,752039;-73,928781;"Route2";"R";1;2;1;0;0;1
"34th St";40,752287;-73,993391;"Route1";"A";0;3;0;0;0;0
"34th St";40,752287;-73,993391;"Route2";"C";1;3;1;0;0;1
"34th St";40,752287;-73,993391;"Route3";"E";2;3;2;0;0;2
"Grand Central";40,752769;-73,979189;"Route2";"4";0;5;0;0;0;0
"Grand Central";40,752769;-73,979189;"Route3";"5";1;5;1;0;0;1
"Grand Central";40,752769;-73,979189;"Route4";"6";2;5;2;0;0;2
"Grand Central";40,752769;-73,979189;"Route5";"7";3;5;3;0;0;3
"Grand Central";40,752769;-73,979189;"Route1";"GS";4;5;0;1;1;0
"39 Av-Beebe Av";40,752882;-73,932755;"Route1";"N";0;2;0;0;0;0
"39 Av-Beebe Av";40,752882;-73,932755;"Route2";"Q";1;2;1;0;0;1
"Northern Blvd";40,752885;-73,906006;"Route1";"M";0;2;0;0;0;0
"Northern Blvd";40,752885;-73,906006;"Route2";"R";1;2;1;0;0;1
"5th Av";40,753821;-73,981963;"Route5";"7";0;5;0;0;0;0
"5th Av";40,753821;-73,981963;"Route1";"B";1;5;1;0;0;1
"5th Av";40,753821;-73,981963;"Route2";"D";2;5;2;0;0;2
"5th Av";40,753821;-73,981963;"Route3";"F";3;5;3;0;0;3
"5th Av";40,753821;-73,981963;"Route4";"M";4;5;0;1;1;0
"21st St";40,754203;-73,942836;"Route1";"F";0;1;0;0;0;0
"42nd St";40,754222;-73,984569;"Route5";"7";0;5;0;0;0;0
"42nd St";40,754222;-73,984569;"Route1";"B";1;5;1;0;0;1
"42nd St";40,754222;-73,984569;"Route2";"D";2;5;2;0;0;2
"42nd St";40,754222;-73,984569;"Route3";"F";3;5;3;0;0;3
"42nd St";40,754222;-73,984569;"Route4";"M";4;5;0;1;1;0
"Mets - Willets Point";40,754622;-73,845625;"Route1";"7";0;1;0;0;0;0
"Times Square-42nd St";40,754672;-73,986754;"Route8";"1";0;11;0;0;0;0
"Times Square-42nd St";40,754672;-73,986754;"Route9";"2";1;11;1;0;0;1
"Times Square-42nd St";40,754672;-73,986754;"Route10";"3";2;11;2;0;0;2
"Times Square-42nd St";40,754672;-73,986754;"Route11";"7";3;11;3;0;0;3
"Times Square-42nd St";40,754672;-73,986754;"Route1";"A";4;11;0;1;1;0
"Times Square-42nd St";40,754672;-73,986754;"Route2";"C";5;11;1;1;1;1
"Times Square-42nd St";40,754672;-73,986754;"Route3";"E";6;11;2;1;1;2
"Times Square-42nd St";40,754672;-73,986754;"Route4";"N";7;11;3;1;1;3
"Times Square-42nd St";40,754672;-73,986754;"Route5";"Q";8;11;0;2;2;0
"Times Square-42nd St";40,754672;-73,986754;"Route6";"R";9;11;1;2;2;1
"Times Square-42nd St";40,754672;-73,986754;"Route7";"S";10;11;2;2;2;2
"Times Square";40,75529;-73,987495;"Route8";"1";0;11;0;0;0;0
"Times Square";40,75529;-73,987495;"Route9";"2";1;11;1;0;0;1
"Times Square";40,75529;-73,987495;"Route10";"3";2;11;2;0;0;2
"Times Square";40,75529;-73,987495;"Route11";"7";3;11;3;0;0;3
"Times Square";40,75529;-73,987495;"Route1";"A";4;11;0;1;1;0
"Times Square";40,75529;-73,987495;"Route2";"C";5;11;1;1;1;1
"Times Square";40,75529;-73,987495;"Route3";"E";6;11;2;1;1;2
"Times Square";40,75529;-73,987495;"Route4";"N";7;11;3;1;1;3
"Times Square";40,75529;-73,987495;"Route5";"Q";8;11;0;2;2;0
"Times Square";40,75529;-73,987495;"Route6";"R";9;11;1;2;2;1
"Times Square";40,75529;-73,987495;"Route7";"S";10;11;2;2;2;2
"34 St Hudson Yards";40,755882;-74,00191;"Route1";"7";0;1;0;0;0;0
"Times Square";40,755983;-73,986229;"Route8";"1";0;11;0;0;0;0
"Times Square";40,755983;-73,986229;"Route9";"2";1;11;1;0;0;1
"Times Square";40,755983;-73,986229;"Route10";"3";2;11;2;0;0;2
"Times Square";40,755983;-73,986229;"Route11";"7";3;11;3;0;0;3
"Times Square";40,755983;-73,986229;"Route1";"A";4;11;0;1;1;0
"Times Square";40,755983;-73,986229;"Route2";"C";5;11;1;1;1;1
"Times Square";40,755983;-73,986229;"Route3";"E";6;11;2;1;1;2
"Times Square";40,755983;-73,986229;"Route7";"GS";7;11;3;1;1;3
"Times Square";40,755983;-73,986229;"Route4";"N";8;11;0;2;2;0
"Times Square";40,755983;-73,986229;"Route5";"Q";9;11;1;2;2;1
"Times Square";40,755983;-73,986229;"Route6";"R";10;11;2;2;2;2
"46th St";40,756312;-73,913333;"Route1";"M";0;2;0;0;0;0
"46th St";40,756312;-73,913333;"Route2";"R";1;2;1;0;0;1
"36 Av-Washington Av";40,756804;-73,929575;"Route1";"N";0;2;0;0;0;0
"36 Av-Washington Av";40,756804;-73,929575;"Route2";"Q";1;2;1;0;0;1
"Steinway St";40,756879;-73,92074;"Route1";"M";0;2;0;0;0;0
"Steinway St";40,756879;-73,92074;"Route2";"R";1;2;1;0;0;1
"51st St";40,757107;-73,97192;"Route3";"6";0;3;0;0;0;0
"51st St";40,757107;-73,97192;"Route1";"E";1;3;1;0;0;1
"51st St";40,757107;-73,97192;"Route2";"M";2;3;2;0;0;2
"42nd St";40,757308;-73,989735;"Route8";"1";0;11;0;0;0;0
"42nd St";40,757308;-73,989735;"Route9";"2";1;11;1;0;0;1
"42nd St";40,757308;-73,989735;"Route10";"3";2;11;2;0;0;2
"42nd St";40,757308;-73,989735;"Route11";"7";3;11;3;0;0;3
"42nd St";40,757308;-73,989735;"Route1";"A";4;11;0;1;1;0
"42nd St";40,757308;-73,989735;"Route2";"C";5;11;1;1;1;1
"42nd St";40,757308;-73,989735;"Route3";"E";6;11;2;1;1;2
"42nd St";40,757308;-73,989735;"Route4";"N";7;11;3;1;1;3
"42nd St";40,757308;-73,989735;"Route5";"Q";8;11;0;2;2;0
"42nd St";40,757308;-73,989735;"Route6";"R";9;11;1;2;2;1
"42nd St";40,757308;-73,989735;"Route7";"S";10;11;2;2;2;2
"Lexington Av-53rd St";40,757552;-73,969055;"Route3";"6";0;3;0;0;0;0
"Lexington Av-53rd St";40,757552;-73,969055;"Route1";"E";1;3;1;0;0;1
"Lexington Av-53rd St";40,757552;-73,969055;"Route2";"M";2;3;2;0;0;2
"47-50th Sts Rockefeller Center";40,758663;-73,981329;"Route5";"7";0;9;0;0;0;0
"47-50th Sts Rockefeller Center";40,758663;-73,981329;"Route1";"B";1;9;1;0;0;1
"47-50th Sts Rockefeller Center";40,758663;-73,981329;"Route1";"B";1;9;1;0;0;1
"47-50th Sts Rockefeller Center";40,758663;-73,981329;"Route2";"D";2;9;2;0;0;2
"47-50th Sts Rockefeller Center";40,758663;-73,981329;"Route2";"D";2;9;2;0;0;2
"47-50th Sts Rockefeller Center";40,758663;-73,981329;"Route3";"F";3;9;3;0;0;3
"47-50th Sts Rockefeller Center";40,758663;-73,981329;"Route3";"F";3;9;3;0;0;3
"47-50th Sts Rockefeller Center";40,758663;-73,981329;"Route4";"M";4;9;0;1;1;0
"47-50th Sts Rockefeller Center";40,758663;-73,981329;"Route4";"M";4;9;0;1;1;0
"Roosevelt Island";40,759145;-73,95326;"Route1";"F";0;1;0;0;0;0
"Flushing-Main St";40,7596;-73,83003;"Route1";"7";0;1;0;0;0;0
"49th St";40,759901;-73,984139;"Route1";"N";0;3;0;0;0;0
"49th St";40,759901;-73,984139;"Route2";"Q";1;3;1;0;0;1
"49th St";40,759901;-73,984139;"Route3";"R";2;3;2;0;0;2
"5th Av-53rd St";40,760167;-73,975224;"Route1";"E";0;2;0;0;0;0
"5th Av-53rd St";40,760167;-73,975224;"Route2";"M";1;2;1;0;0;1
"50th St";40,761728;-73,983849;"Route1";"1";0;1;0;0;0;0
"Broadway";40,76182;-73,925508;"Route1";"N";0;2;0;0;0;0
"Broadway";40,76182;-73,925508;"Route2";"Q";1;2;1;0;0;1
"50th St";40,762456;-73,985984;"Route1";"C";0;2;0;0;0;0
"50th St";40,762456;-73,985984;"Route2";"E";1;2;1;0;0;1
"59th St";40,762526;-73,967967;"Route4";"4";0;6;0;0;0;0
"59th St";40,762526;-73,967967;"Route5";"5";1;6;1;0;0;1
"59th St";40,762526;-73,967967;"Route6";"6";2;6;2;0;0;2
"59th St";40,762526;-73,967967;"Route1";"N";3;6;3;0;0;3
"59th St";40,762526;-73,967967;"Route2";"Q";4;6;0;1;1;0
"59th St";40,762526;-73,967967;"Route3";"R";5;6;1;1;1;1
"Lexington Av";40,76266;-73,967258;"Route4";"4";0;6;0;0;0;0
"Lexington Av";40,76266;-73,967258;"Route5";"5";1;6;1;0;0;1
"Lexington Av";40,76266;-73,967258;"Route6";"6";2;6;2;0;0;2
"Lexington Av";40,76266;-73,967258;"Route1";"N";3;6;3;0;0;3
"Lexington Av";40,76266;-73,967258;"Route2";"Q";4;6;0;1;1;0
"Lexington Av";40,76266;-73,967258;"Route3";"R";5;6;1;1;1;1
"7th Av";40,762862;-73,981637;"Route1";"B";0;3;0;0;0;0
"7th Av";40,762862;-73,981637;"Route2";"D";1;3;1;0;0;1
"7th Av";40,762862;-73,981637;"Route3";"E";2;3;2;0;0;2
"57th St";40,763972;-73,97745;"Route1";"F";0;1;0;0;0;0
"Lexington Av";40,764627;-73,96611;"Route1";"F";0;1;0;0;0;0
"57th St";40,764664;-73,980658;"Route1";"N";0;3;0;0;0;0
"57th St";40,764664;-73,980658;"Route2";"Q";1;3;1;0;0;1
"57th St";40,764664;-73,980658;"Route3";"R";2;3;2;0;0;2
"5th Av";40,764811;-73,973347;"Route1";"N";0;3;0;0;0;0
"5th Av";40,764811;-73,973347;"Route2";"Q";1;3;1;0;0;1
"5th Av";40,764811;-73,973347;"Route3";"R";2;3;2;0;0;2
"30 Av-Grand Av";40,766779;-73,921479;"Route1";"N";0;2;0;0;0;0
"30 Av-Grand Av";40,766779;-73,921479;"Route2";"Q";1;2;1;0;0;1
"68th St-Hunter College";40,768141;-73,96387;"Route1";"6";0;1;0;0;0;0
"59th St-Columbus Circle";40,768247;-73,981929;"Route5";"1";0;5;0;0;0;0
"59th St-Columbus Circle";40,768247;-73,981929;"Route1";"A";1;5;1;0;0;1
"59th St-Columbus Circle";40,768247;-73,981929;"Route2";"B";2;5;2;0;0;2
"59th St-Columbus Circle";40,768247;-73,981929;"Route3";"C";3;5;3;0;0;3
"59th St-Columbus Circle";40,768247;-73,981929;"Route4";"D";4;5;0;1;1;0
"59th St";40,768296;-73,981736;"Route5";"1";0;5;0;0;0;0
"59th St";40,768296;-73,981736;"Route1";"A";1;5;1;0;0;1
"59th St";40,768296;-73,981736;"Route2";"B";2;5;2;0;0;2
"59th St";40,768296;-73,981736;"Route3";"C";3;5;3;0;0;3
"59th St";40,768296;-73,981736;"Route4";"D";4;5;0;1;1;0
"Astoria Blvd-Hoyt Av";40,770258;-73,917843;"Route1";"N";0;2;0;0;0;0
"Astoria Blvd-Hoyt Av";40,770258;-73,917843;"Route2";"Q";1;2;1;0;0;1
"66th St-Lincoln Center";40,77344;-73,982209;"Route1";"1";0;1;0;0;0;0
"77th St";40,77362;-73,959874;"Route1";"6";0;1;0;0;0;0
"Ditmars Blvd";40,775036;-73,912034;"Route1";"N";0;2;0;0;0;0
"Ditmars Blvd";40,775036;-73,912034;"Route2";"Q";1;2;1;0;0;1
"72nd St";40,775594;-73,97641;"Route1";"B";0;2;0;0;0;0
"72nd St";40,775594;-73,97641;"Route2";"C";1;2;1;0;0;1
"72nd St";40,778453;-73,98197;"Route1";"1";0;3;0;0;0;0
"72nd St";40,778453;-73,98197;"Route2";"2";1;3;1;0;0;1
"72nd St";40,778453;-73,98197;"Route3";"3";2;3;2;0;0;2
"86th St";40,779492;-73,955589;"Route1";"4";0;3;0;0;0;0
"86th St";40,779492;-73,955589;"Route2";"5";1;3;1;0;0;1
"86th St";40,779492;-73,955589;"Route3";"6";2;3;2;0;0;2
"81st St - Museum of Natural History";40,781433;-73,972143;"Route1";"B";0;2;0;0;0;0
"81st St - Museum of Natural History";40,781433;-73,972143;"Route2";"C";1;2;1;0;0;1
"79th St";40,783934;-73,979917;"Route1";"1";0;1;0;0;0;0
"96th St";40,785672;-73,95107;"Route1";"6";0;1;0;0;0;0
"86th St";40,785868;-73,968916;"Route1";"B";0;2;0;0;0;0
"86th St";40,785868;-73,968916;"Route2";"C";1;2;1;0;0;1
"86th St";40,788644;-73,976218;"Route1";"1";0;1;0;0;0;0
"103rd St";40,7906;-73,947478;"Route1";"6";0;1;0;0;0;0
"96th St";40,791646;-73,964699;"Route1";"B";0;2;0;0;0;0
"96th St";40,791646;-73,964699;"Route2";"C";1;2;1;0;0;1
"96th St";40,793919;-73,972323;"Route1";"1";0;3;0;0;0;0
"96th St";40,793919;-73,972323;"Route2";"2";1;3;1;0;0;1
"96th St";40,793919;-73,972323;"Route3";"3";2;3;2;0;0;2
"110th St";40,79502;-73,94425;"Route1";"6";0;1;0;0;0;0
"103rd St";40,796092;-73,961454;"Route1";"B";0;2;0;0;0;0
"103rd St";40,796092;-73,961454;"Route2";"C";1;2;1;0;0;1
"116th St";40,798629;-73,941617;"Route1";"6";0;1;0;0;0;0
"110th St-Central Park North";40,799075;-73,951822;"Route1";"2";0;2;0;0;0;0
"110th St-Central Park North";40,799075;-73,951822;"Route2";"3";1;2;1;0;0;1
"103rd St";40,799446;-73,968379;"Route1";"1";0;1;0;0;0;0
"Cathedral Parkway-110th St";40,800605;-73,958158;"Route1";"B";0;2;0;0;0;0
"Cathedral Parkway-110th St";40,800605;-73,958158;"Route2";"C";1;2;1;0;0;1
"116th St";40,802098;-73,949625;"Route1";"2";0;2;0;0;0;0
"116th St";40,802098;-73,949625;"Route2";"3";1;2;1;0;0;1
"Cathedral Parkway-110th St";40,803967;-73,966847;"Route1";"1";0;1;0;0;0;0
"125th St";40,804138;-73,937594;"Route1";"4";0;3;0;0;0;0
"125th St";40,804138;-73,937594;"Route2";"5";1;3;1;0;0;1
"125th St";40,804138;-73,937594;"Route3";"6";2;3;2;0;0;2
"116th St";40,805085;-73,954882;"Route1";"B";0;2;0;0;0;0
"116th St";40,805085;-73,954882;"Route2";"C";1;2;1;0;0;1
"Cypress Av";40,805368;-73,914042;"Route1";"6";0;1;0;0;0;0
"Brook Av";40,807566;-73,91924;"Route1";"6";0;1;0;0;0;0
"116th St-Columbia University";40,807722;-73,96411;"Route1";"1";0;1;0;0;0;0
"125th St";40,807754;-73,945495;"Route1";"2";0;2;0;0;0;0
"125th St";40,807754;-73,945495;"Route2";"3";1;2;1;0;0;1
"East 143rd St-St Mary's St";40,808719;-73,907657;"Route1";"6";0;1;0;0;0;0
"138th St-3rd Ave";40,810476;-73,926138;"Route1";"6";0;1;0;0;0;0
"125th St";40,811109;-73,952343;"Route1";"A";0;4;0;0;0;0
"125th St";40,811109;-73,952343;"Route2";"B";1;4;1;0;0;1
"125th St";40,811109;-73,952343;"Route3";"C";2;4;2;0;0;2
"125th St";40,811109;-73,952343;"Route4";"D";3;4;3;0;0;3
"East 149th St";40,812118;-73,904098;"Route1";"6";0;1;0;0;0;0
"138th St";40,813224;-73,929849;"Route1";"4";0;2;0;0;0;0
"138th St";40,813224;-73,929849;"Route2";"5";1;2;1;0;0;1
"135th St";40,814229;-73,94077;"Route1";"2";0;2;0;0;0;0
"135th St";40,814229;-73,94077;"Route2";"3";1;2;1;0;0;1
"125th St";40,815581;-73,958372;"Route1";"1";0;1;0;0;0;0
"Longwood Av";40,816104;-73,896435;"Route1";"6";0;1;0;0;0;0
"149th St-3rd Av";40,816109;-73,917757;"Route1";"2";0;2;0;0;0;0
"149th St-3rd Av";40,816109;-73,917757;"Route2";"5";1;2;1;0;0;1
"Jackson Av";40,81649;-73,907807;"Route1";"2";0;2;0;0;0;0
"Jackson Av";40,81649;-73,907807;"Route2";"5";1;2;1;0;0;1
"135th St";40,817894;-73,947649;"Route1";"B";0;2;0;0;0;0
"135th St";40,817894;-73,947649;"Route2";"C";1;2;1;0;0;1
"149th St-Grand Concourse";40,818375;-73,927351;"Route1";"2";0;3;0;0;0;0
"149th St-Grand Concourse";40,818375;-73,927351;"Route2";"4";1;3;1;0;0;1
"149th St-Grand Concourse";40,818375;-73,927351;"Route3";"5";2;3;2;0;0;2
"Prospect Av";40,819585;-73,90177;"Route1";"2";0;2;0;0;0;0
"Prospect Av";40,819585;-73,90177;"Route2";"5";1;2;1;0;0;1
"145th St";40,820421;-73,936245;"Route1";"3";0;1;0;0;0;0
"Hunts Point Av";40,820948;-73,890549;"Route1";"6";0;1;0;0;0;0
"137th St-City College";40,822008;-73,953676;"Route1";"1";0;1;0;0;0;0
"Intervale Av";40,822181;-73,896736;"Route1";"2";0;2;0;0;0;0
"Intervale Av";40,822181;-73,896736;"Route2";"5";1;2;1;0;0;1
"Harlem-148th St";40,82388;-73,93647;"Route1";"3";0;1;0;0;0;0
"Simpson St";40,824073;-73,893064;"Route1";"2";0;2;0;0;0;0
"Simpson St";40,824073;-73,893064;"Route2";"5";1;2;1;0;0;1
"145th St";40,824783;-73,944216;"Route1";"A";0;4;0;0;0;0
"145th St";40,824783;-73,944216;"Route2";"B";1;4;1;0;0;1
"145th St";40,824783;-73,944216;"Route3";"C";2;4;2;0;0;2
"145th St";40,824783;-73,944216;"Route4";"D";3;4;3;0;0;3
"Whitlock Av";40,826525;-73,886283;"Route1";"6";0;1;0;0;0;0
"145th St";40,826551;-73,95036;"Route1";"1";0;1;0;0;0;0
"Yankee Stadium-161st St";40,827905;-73,925651;"Route3";"4";0;3;0;0;0;0
"Yankee Stadium-161st St";40,827905;-73,925651;"Route1";"B";1;3;1;0;0;1
"Yankee Stadium-161st St";40,827905;-73,925651;"Route2";"D";2;3;2;0;0;2
"Yankee Stadium-161st St";40,827994;-73,925831;"Route3";"4";0;3;0;0;0;0
"Yankee Stadium-161st St";40,827994;-73,925831;"Route1";"B ";1;3;1;0;0;1
"Yankee Stadium-161st St";40,827994;-73,925831;"Route2";"D";2;3;2;0;0;2
"Elder Av";40,828584;-73,879159;"Route1";"6";0;1;0;0;0;0
"Morrison Av-Soundview Av";40,829521;-73,874516;"Route1";"6";0;1;0;0;0;0
"Freeman St";40,829993;-73,891865;"Route1";"2";0;2;0;0;0;0
"Freeman St";40,829993;-73,891865;"Route2";"5";1;2;1;0;0;1
"155th St";40,830135;-73,938209;"Route1";"B";0;2;0;0;0;0
"155th St";40,830135;-73,938209;"Route2";"D";1;2;1;0;0;1
"155th St";40,830518;-73,941514;"Route1";"C";0;1;0;0;0;0
"St Lawrence Av";40,831509;-73,867618;"Route1";"6";0;1;0;0;0;0
"Parkchester-East 177th St";40,833226;-73,860816;"Route1";"6";0;1;0;0;0;0
"167th St";40,833769;-73,918432;"Route1";"B";0;2;0;0;0;0
"167th St";40,833769;-73,918432;"Route2";"D";1;2;1;0;0;1
"157th St";40,834041;-73,94489;"Route1";"1";0;1;0;0;0;0
"Castle Hill Av";40,834255;-73,851222;"Route1";"6";0;1;0;0;0;0
"167th St";40,835537;-73,9214;"Route1";"4";0;1;0;0;0;0
"163rd St - Amsterdam Av";40,836013;-73,939892;"Route1";"C";0;1;0;0;0;0
"Zerega Av";40,836488;-73,847036;"Route1";"6";0;1;0;0;0;0
"174th St";40,837288;-73,887734;"Route1";"2";0;2;0;0;0;0
"174th St";40,837288;-73,887734;"Route2";"5";1;2;1;0;0;1
"170th St";40,839306;-73,9134;"Route1";"B";0;2;0;0;0;0
"170th St";40,839306;-73,9134;"Route2";"D";1;2;1;0;0;1
"Westchester Square-East Tremont Av";40,839892;-73,842952;"Route1";"6";0;1;0;0;0;0
"170th St";40,840075;-73,917791;"Route1";"4";0;1;0;0;0;0
"East Tremont Av-West Farms Sq";40,840295;-73,880049;"Route1";"2";0;2;0;0;0;0
"East Tremont Av-West Farms Sq";40,840295;-73,880049;"Route2";"5";1;2;1;0;0;1
"168th St";40,840556;-73,940133;"Route3";"1";0;3;0;0;0;0
"168th St";40,840556;-73,940133;"Route1";"A";1;3;1;0;0;1
"168th St";40,840556;-73,940133;"Route2";"C";2;3;2;0;0;2
"168th St - Washington Heights";40,840719;-73,939561;"Route1";"A";0;2;0;0;0;0
"168th St - Washington Heights";40,840719;-73,939561;"Route2";"C";1;2;1;0;0;1
"East 180th St";40,841894;-73,873488;"Route1";"2";0;2;0;0;0;0
"East 180th St";40,841894;-73,873488;"Route2";"5";1;2;1;0;0;1
"Middletown Rd";40,843863;-73,836322;"Route1";"6";0;1;0;0;0;0
"Mt Eden Av";40,844434;-73,914685;"Route1";"4";0;1;0;0;0;0
"174-175th Sts";40,8459;-73,910136;"Route1";"B";0;2;0;0;0;0
"174-175th Sts";40,8459;-73,910136;"Route2";"D";1;2;1;0;0;1
"Buhre Av";40,84681;-73,832569;"Route1";"6";0;1;0;0;0;0
"175th St";40,847391;-73,939704;"Route1";"A";0;1;0;0;0;0
"176th St";40,84848;-73,911794;"Route1";"4";0;1;0;0;0;0
"Bronx Park East";40,848828;-73,868457;"Route1";"2";0;2;0;0;0;0
"Bronx Park East";40,848828;-73,868457;"Route2";"5";1;2;1;0;0;1
"181st St";40,849505;-73,933596;"Route1";"1";0;1;0;0;0;0
"Tremont Av";40,85041;-73,905227;"Route1";"B";0;2;0;0;0;0
"Tremont Av";40,85041;-73,905227;"Route2";"D";1;2;1;0;0;1
"181st St";40,851695;-73,937969;"Route1";"A";0;1;0;0;0;0
"Pelham Bay Park";40,852462;-73,828121;"Route1";"6";0;1;0;0;0;0
"Burnside Av";40,853453;-73,907684;"Route1";"4";0;1;0;0;0;0
"Morris Park";40,854364;-73,860495;"Route1";"5";0;1;0;0;0;0
"191st St";40,855225;-73,929412;"Route1";"1";0;1;0;0;0;0
"182nd-183rd Sts";40,856093;-73,900741;"Route1";"B";0;2;0;0;0;0
"182nd-183rd Sts";40,856093;-73,900741;"Route2";"D";1;2;1;0;0;1
"Pelham Parkway";40,857192;-73,867615;"Route1";"2";0;2;0;0;0;0
"Pelham Parkway";40,857192;-73,867615;"Route2";"5";1;2;1;0;0;1
"183rd St";40,858407;-73,903879;"Route1";"4";0;1;0;0;0;0
"Pelham Parkway";40,858985;-73,855359;"Route1";"5";0;1;0;0;0;0
"190th St";40,859022;-73,93418;"Route1";"A";0;1;0;0;0;0
"Dyckman St";40,860531;-73,925536;"Route1";"1";0;1;0;0;0;0
"Fordham Rd";40,861296;-73,897749;"Route1";"B";0;2;0;0;0;0
"Fordham Rd";40,861296;-73,897749;"Route2";"D";1;2;1;0;0;1
"Fordham Rd";40,862803;-73,901034;"Route1";"4";0;1;0;0;0;0
"207th St";40,864614;-73,918819;"Route1";"1";0;1;0;0;0;0
"Allerton Av";40,865462;-73,867352;"Route1";"2";0;2;0;0;0;0
"Allerton Av";40,865462;-73,867352;"Route2";"5";1;2;1;0;0;1
"Dyckman St-200th St";40,865491;-73,927271;"Route1";"A";0;1;0;0;0;0
"Kingsbridge Rd";40,866978;-73,893509;"Route1";"B";0;2;0;0;0;0
"Kingsbridge Rd";40,866978;-73,893509;"Route2";"D";1;2;1;0;0;1
"Kingsbridge Rd";40,86776;-73,897174;"Route1";"4";0;1;0;0;0;0
"Inwood - 207th St";40,868072;-73,919899;"Route1";"A";0;1;0;0;0;0
"215th St";40,869444;-73,915279;"Route1";"1";0;1;0;0;0;0
"Gun Hill Rd";40,869526;-73,846384;"Route1";"5";0;1;0;0;0;0
"Burke Av";40,871356;-73,867164;"Route1";"2";0;2;0;0;0;0
"Burke Av";40,871356;-73,867164;"Route2";"5";1;2;1;0;0;1
"Bedford Park Blvd";40,873244;-73,887138;"Route1";"B";0;2;0;0;0;0
"Bedford Park Blvd";40,873244;-73,887138;"Route2";"D";1;2;1;0;0;1
"Bedford Park Blvd-Lehman College";40,873412;-73,890064;"Route1";"4";0;1;0;0;0;0
"Marble Hill-225th St";40,874561;-73,909831;"Route1";"1";0;1;0;0;0;0
"Norwood-205th St";40,874811;-73,878855;"Route1";"D";0;1;0;0;0;0
"Gun Hill Rd";40,87785;-73,866256;"Route1";"2";0;2;0;0;0;0
"Gun Hill Rd";40,87785;-73,866256;"Route2";"5";1;2;1;0;0;1
"Baychester Av";40,878663;-73,838591;"Route1";"5";0;1;0;0;0;0
"231st St";40,878856;-73,904834;"Route1";"1";0;1;0;0;0;0
"Mosholu Parkway";40,87975;-73,884655;"Route1";"4";0;1;0;0;0;0
"219th St";40,883895;-73,862633;"Route1";"2";0;2;0;0;0;0
"219th St";40,883895;-73,862633;"Route2";"5";1;2;1;0;0;1
"238th St";40,884667;-73,90087;"Route1";"1";0;1;0;0;0;0
"Woodlawn";40,886037;-73,878751;"Route1";"4";0;1;0;0;0;0
"225th St";40,888022;-73,860341;"Route1";"2";0;2;0;0;0;0
"225th St";40,888022;-73,860341;"Route2";"5";1;2;1;0;0;1
"Eastchester-Dyre Av";40,8883;-73,830834;"Route1";"5";0;1;0;0;0;0
"Van Cortlandt Park-242nd St";40,889248;-73,898583;"Route1";"1";0;1;0;0;0;0
"233rd St";40,893193;-73,857473;"Route1";"2";0;2;0;0;0;0
"233rd St";40,893193;-73,857473;"Route2";"5";1;2;1;0;0;1
"238th St-Nereid Av";40,898379;-73,854376;"Route1";"2";0;2;0;0;0;0
"238th St-Nereid Av";40,898379;-73,854376;"Route2";"5";1;2;1;0;0;1
"Wakefield-241st St";40,903125;-73,85062;"Route1";"2";0;2;0;0;0;0
"Wakefield-241st St";40,903125;-73,85062;"Route2";"5";1;2;1;0;0;1
